ENSEMBL_ID	ENTREZID	SYMBOL
ENSP00000250838	9426	CDY2A
ENSP00000250784	6192	RPS4Y1
ENSP00000155093	7544	ZFY
ENSP00000261667	3839	KPNA3
ENSP00000261669	81617	CAB39L
ENSP00000219022	10562	OLFM4
ENSP00000019317	10928	RALBP1
ENSP00000258654	83548	COG3
ENSP00000256906	59340	HRH4
ENSP00000262160	4087	SMAD2
ENSP00000217515	9352	TXNL1
ENSP00000218721	2862	MLNR
ENSP00000241453	2322	FLT3
ENSP00000262150	28513	CDH19
ENSP00000181383	1361	CPB2
ENSP00000251127	259232	NALCN
ENSP00000246071	6629	SNRPB2
ENSP00000246069	11034	DSTN
ENSP00000252011	60625	DHX35
ENSP00000245304	5911	RAP2A
ENSP00000243911	4159	MC3R
ENSP00000244043	5740	PTGIS
ENSP00000246194	22913	RALY
ENSP00000262120	57045	TWSG1
ENSP00000215781	5008	OSM
ENSP00000217086	57167	SALL4
ENSP00000257189	1830	DSG3
ENSP00000237014	7276	TTR
ENSP00000249075	3976	LIF
ENSP00000216133	23492	CBX7
ENSP00000216180	80339	PNPLA3
ENSP00000258613	55901	THSD1
ENSP00000252997	140628	GATA5
ENSP00000253003	11047	ADRM1
ENSP00000216513	51804	SIX4
ENSP00000217133	81027	TUBB1
ENSP00000243997	514	ATP5F1E
ENSP00000258646	55213	RCBTB1
ENSP00000216200	5816	PVALB
ENSP00000261245	4331	MNAT1
ENSP00000244020	6431	SRSF6
ENSP00000217026	4605	MYBL2
ENSP00000215941	129138	ANKRD54
ENSP00000250457	112399	EGLN3
ENSP00000217169	79444	BIRC7
ENSP00000248975	7533	YWHAH
ENSP00000261558	55745	AP5M1
ENSP00000246062	8195	MKKS
ENSP00000202017	81572	PDRG1
ENSP00000245451	652	BMP4
ENSP00000216968	10544	PROCR
ENSP00000246186	10893	MMP24
ENSP00000218548	479	ATP12A
ENSP00000215829	6634	SNRPD3
ENSP00000217386	5020	OXT
ENSP00000217173	22888	UBOX5
ENSP00000215832	5594	MAPK1
ENSP00000262173	8731	RNMT
ENSP00000217652	10627	MYL12A
ENSP00000237500	103910	MYL12B
ENSP00000257198	1823	DSC1
ENSP00000257192	1828	DSG1
ENSP00000218439	10916	MAGED2
ENSP00000215862	22880	MORC2
ENSP00000261303	5700	PSMC1
ENSP00000217402	128866	CHMP4B
ENSP00000216068	10126	DNAL4
ENSP00000248139	57799	RAB40C
ENSP00000217270	128674	PROKR2
ENSP00000163416	9950	GOLGA5
ENSP00000216160	10454	TAB1
ENSP00000245983	2797	GNRH2
ENSP00000216629	623	BDKRB1
ENSP00000217131	1522	CTSZ
ENSP00000262320	8312	AXIN1
ENSP00000261593	51444	RNF138
ENSP00000223129	6119	RPA3
ENSP00000254286	55860	ACTR10
ENSP00000219409	398	ARHGDIG
ENSP00000217958	5716	PSMD10
ENSP00000171757	27334	P2RY10
ENSP00000204961	1947	EFNB1
ENSP00000245838	57187	THOC2
ENSP00000261381	64131	XYLT1
ENSP00000216252	84844	PHF5A
ENSP00000219478	26048	ZNF500
ENSP00000169551	29090	TIMM21
ENSP00000252506	10912	GADD45G
ENSP00000259365	7111	TMOD1
ENSP00000255448	9201	DCLK1
ENSP00000260762	54536	EXOC6
ENSP00000217428	10816	SPINT3
ENSP00000252321	3741	KCNA5
ENSP00000253968	56033	BARX1
ENSP00000250498	1603	DAD1
ENSP00000242057	196	AHR
ENSP00000215956	4809	SNU13
ENSP00000216027	150274	HSCB
ENSP00000242261	7291	TWIST1
ENSP00000222823	10392	NOD1
ENSP00000222584	6671	SP4
ENSP00000222573	3696	ITGB8
ENSP00000261349	4040	LRP6
ENSP00000242249	10268	RAMP3
ENSP00000257312	22873	DZIP1
ENSP00000002596	9957	HS3ST1
ENSP00000255465	8900	CCNA1
ENSP00000254963	116835	HSPA12B
ENSP00000255499	79589	RNF128
ENSP00000230658	3670	ISL1
ENSP00000224356	1592	CYP26A1
ENSP00000229304	339	APOBEC1
ENSP00000216733	10278	EFS
ENSP00000262158	4092	SMAD7
ENSP00000256759	10468	FST
ENSP00000230882	2690	GHR
ENSP00000217244	1457	CSNK2A1
ENSP00000239032	2834	PRLHR
ENSP00000231021	1007	CDH9
ENSP00000261601	9097	USP14
ENSP00000243213	3598	IL13RA2
ENSP00000261597	10403	NDC80
ENSP00000261195	2998	GYS2
ENSP00000228567	341359	SYT10
ENSP00000230640	23517	MTREX
ENSP00000043402	65078	RTN4R
ENSP00000261600	9984	THOC1
ENSP00000218388	7076	TIMP1
ENSP00000219070	4313	MMP2
ENSP00000259469	11224	RPL35
ENSP00000219244	6361	CCL17
ENSP00000259477	81873	ARPC5L
ENSP00000216911	6790	AURKA
ENSP00000219235	6367	CCL22
ENSP00000258198	1783	DYNC1LI2
ENSP00000215659	6300	MAPK12
ENSP00000229307	79923	NANOG
ENSP00000217109	1477	CSTF1
ENSP00000242067	27241	BBS9
ENSP00000262134	54947	LPCAT2
ENSP00000259467	5082	PDCL
ENSP00000243298	51209	RAB9B
ENSP00000230449	55770	EXOC2
ENSP00000216416	10175	CNIH1
ENSP00000244051	27304	MOCS3
ENSP00000216122	4174	MCM5
ENSP00000255006	54453	RIN2
ENSP00000216117	3162	HMOX1
ENSP00000261531	22938	SNW1
ENSP00000261207	4659	PPP1R12A
ENSP00000248633	5189	PEX1
ENSP00000261707	6532	SLC6A4
ENSP00000244763	6745	SSR1
ENSP00000226317	6372	CXCL6
ENSP00000256447	4064	CD180
ENSP00000217423	1472	CST4
ENSP00000234389	116444	GRIN3B
ENSP00000244745	6659	SOX4
ENSP00000253801	2538	G6PC1
ENSP00000259711	63971	KIF13A
ENSP00000256509	10752	CHL1
ENSP00000246115	8698	S1PR4
ENSP00000241463	387496	RASL11A
ENSP00000257017	9363	RAB33A
ENSP00000246914	65266	WNK4
ENSP00000248958	23753	SDF2L1
ENSP00000216714	328	APEX1
ENSP00000223114	346606	MOGAT3
ENSP00000255189	29958	DMGDH
ENSP00000261708	55813	UTP6
ENSP00000262144	79726	WDR59
ENSP00000057513	79931	TNIP3
ENSP00000225941	51225	ABI3
ENSP00000256196	22800	RRAS2
ENSP00000216297	11198	SUPT16H
ENSP00000216101	10633	RASL10A
ENSP00000006053	6376	CX3CL1
ENSP00000223095	5054	SERPINE1
ENSP00000222381	5444	PON1
ENSP00000225298	51096	UTP18
ENSP00000222390	3082	HGF
ENSP00000217188	6725	SRMS
ENSP00000020673	5662	PSD
ENSP00000238682	7043	TGFB3
ENSP00000216144	164633	CABP7
ENSP00000219252	5432	POLR2C
ENSP00000261267	4069	LYZ
ENSP00000262300	9088	PKMYT1
ENSP00000215793	10291	SF3A1
ENSP00000257700	60561	RINT1
ENSP00000244007	5335	PLCG1
ENSP00000211998	7414	VCL
ENSP00000078429	2767	GNA11
ENSP00000252244	3848	KRT1
ENSP00000252463	84891	ZSCAN10
ENSP00000261366	4001	LMNB1
ENSP00000254998	29107	NXT1
ENSP00000223127	8985	PLOD3
ENSP00000237527	2691	GHRH
ENSP00000234142	9687	GREB1
ENSP00000256429	8932	MBD2
ENSP00000229955	81491	GPR63
ENSP00000215754	4282	MIF
ENSP00000229179	57122	NUP107
ENSP00000216780	5106	PCK2
ENSP00000246957	10131	TRAP1
ENSP00000262139	55062	WIPI1
ENSP00000238789	54454	ATAD2B
ENSP00000255087	9633	TESMIN
ENSP00000253571	51132	RLIM
ENSP00000261537	57534	MIB1
ENSP00000228741	2004	ELK3
ENSP00000256857	2922	GRP
ENSP00000204517	7023	TFAP4
ENSP00000251047	3998	LMAN1
ENSP00000239882	1997	ELF1
ENSP00000216802	5721	PSME2
ENSP00000232461	2779	GNAT1
ENSP00000055335	89801	PPP1R3F
ENSP00000252575	1463	NCAN
ENSP00000247001	57794	SUGP1
ENSP00000261596	9663	LPIN2
ENSP00000249041	8484	GALR3
ENSP00000219700	3163	HMOX2
ENSP00000176763	6793	STK10
ENSP00000238714	64895	PAPOLG
ENSP00000229971	26235	FBXL4
ENSP00000236826	4317	MMP8
ENSP00000250495	4738	NEDD8
ENSP00000215957	85377	MICALL1
ENSP00000254480	6599	SMARCC1
ENSP00000216254	50	ACO2
ENSP00000260229	64066	MMP27
ENSP00000216274	11035	RIPK3
ENSP00000247153	5199	CFP
ENSP00000215095	112755	STX1B
ENSP00000260649	6519	SLC3A1
ENSP00000250111	482	ATP1B2
ENSP00000226091	1949	EFNB3
ENSP00000202677	57186	RALGAPA2
ENSP00000226218	7448	VTN
ENSP00000219794	10295	BCKDK
ENSP00000262127	79959	CEP76
ENSP00000222693	858	CAV2
ENSP00000215727	3053	SERPIND1
ENSP00000215730	9342	SNAP29
ENSP00000249356	4189	DNAJB9
ENSP00000205386	22798	LAMB4
ENSP00000261211	5128	CDK17
ENSP00000247470	29108	PYCARD
ENSP00000260731	3832	KIF11
ENSP00000254722	5176	SERPINF1
ENSP00000254719	6117	RPA1
ENSP00000245479	6662	SOX9
ENSP00000240327	8405	SPOP
ENSP00000238508	5273	SERPINB10
ENSP00000216455	5684	PSMA3
ENSP00000023897	2554	GABRA1
ENSP00000252029	1890	TYMP
ENSP00000255977	23608	MKRN1
ENSP00000253778	9945	GFPT2
ENSP00000243903	79913	ACTR5
ENSP00000249344	57464	STRIP2
ENSP00000248572	2792	GNGT1
ENSP00000252996	6874	TAF4
ENSP00000243222	1300	COL10A1
ENSP00000261047	9626	GUCA1C
ENSP00000231509	2908	NR3C1
ENSP00000225688	51655	RASD1
ENSP00000253788	6155	RPL27
ENSP00000260270	2230	FDX1
ENSP00000216181	4627	MYH9
ENSP00000258455	64965	MRPS9
ENSP00000228641	4618	MYF6
ENSP00000216127	23551	RASD2
ENSP00000255224	6860	SYT4
ENSP00000247879	50831	TAS2R3
ENSP00000222747	23554	TSPAN12
ENSP00000253401	23229	ARHGEF9
ENSP00000238558	145258	GSC
ENSP00000250405	599	BCL2L2
ENSP00000216024	11144	DMC1
ENSP00000061240	7092	TLL1
ENSP00000256383	1965	EIF2S1
ENSP00000216862	1591	CYP24A1
ENSP00000251775	8723	SNX4
ENSP00000258787	64005	MYO1G
ENSP00000242375	6718	AKR1D1
ENSP00000237283	134637	ADAT2
ENSP00000254854	3000	GUCY2D
ENSP00000225174	10105	PPIF
ENSP00000247883	54429	TAS2R5
ENSP00000222462	51384	WNT16
ENSP00000216452	5283	PIGH
ENSP00000260682	1559	CYP2C9
ENSP00000253332	9590	AKAP12
ENSP00000222345	23094	SIPA1L3
ENSP00000256001	57180	ACTR3B
ENSP00000026218	9091	PIGQ
ENSP00000261681	64398	PALS1
ENSP00000216442	51382	ATP6V1D
ENSP00000261951	57472	CNOT6
ENSP00000260702	84171	LOXL4
ENSP00000226105	29098	RANGRF
ENSP00000230050	6206	RPS12
ENSP00000216774	6729	SRP54
ENSP00000251074	79023	NUP37
ENSP00000173229	9423	NTN1
ENSP00000238616	91754	NEK9
ENSP00000219406	64714	PDIA2
ENSP00000253577	22	ABCB7
ENSP00000261590	1829	DSG2
ENSP00000250559	5908	RAP1B
ENSP00000226193	5957	RCVRN
ENSP00000252172	8735	MYH13
ENSP00000250378	1215	CMA1
ENSP00000255381	4622	MYH4
ENSP00000216336	1511	CTSG
ENSP00000226207	4619	MYH1
ENSP00000230538	3910	LAMA4
ENSP00000262178	7434	VIPR2
ENSP00000245503	4620	MYH2
ENSP00000221476	1158	CKM
ENSP00000218147	63035	BCORL1
ENSP00000246548	10054	UBA2
ENSP00000233154	8440	NCK2
ENSP00000222574	26959	HBP1
ENSP00000231449	3565	IL4
ENSP00000190983	8839	CCN5
ENSP00000261994	51156	SERPINA10
ENSP00000198801	80168	MOGAT2
ENSP00000216185	25828	TXN2
ENSP00000250416	10038	PARP2
ENSP00000218008	23439	ATP1B4
ENSP00000258168	53630	BCO1
ENSP00000216190	8664	EIF3D
ENSP00000228644	4617	MYF5
ENSP00000260264	25833	POU2F3
ENSP00000259239	92856	IMP4
ENSP00000247829	7103	TSPAN8
ENSP00000247881	50832	TAS2R4
ENSP00000229758	26271	FBXO5
ENSP00000175756	26469	PTPN18
ENSP00000253329	85313	PPIL4
ENSP00000255631	23640	HSPBP1
ENSP00000261643	1352	COX10
ENSP00000210313	5711	PSMD5
ENSP00000262193	5689	PSMB1
ENSP00000261799	5159	PDGFRB
ENSP00000248706	65997	RASL11B
ENSP00000229708	80329	ULBP1
ENSP00000261302	1112	FOXN3
ENSP00000254803	57050	UTP3
ENSP00000085219	933	CD22
ENSP00000261636	400	ARL1
ENSP00000226730	3558	IL2
ENSP00000241261	8743	TNFSF10
ENSP00000216373	6655	SOS2
ENSP00000164133	5526	PPP2R5B
ENSP00000200557	4185	ADAM11
ENSP00000253339	9113	LATS1
ENSP00000246747	402	ARL2
ENSP00000005257	5898	RALA
ENSP00000037243	11345	GABARAPL2
ENSP00000206262	26575	RGS17
ENSP00000156109	27238	GPKOW
ENSP00000237380	80306	MED28
ENSP00000201979	28954	REM1
ENSP00000221265	54623	PAF1
ENSP00000252115	84271	POLDIP3
ENSP00000260983	57520	HECW2
ENSP00000237281	84085	FBXO30
ENSP00000237264	9519	TBPL1
ENSP00000237316	6943	TCF21
ENSP00000251453	6217	RPS16
ENSP00000259803	8521	GCM1
ENSP00000242317	27019	DNAI1
ENSP00000242338	1271	CNTFR
ENSP00000226279	952	CD38
ENSP00000259632	11258	DCTN3
ENSP00000259989	83888	FGFBP2
ENSP00000247866	4708	NDUFB2
ENSP00000243924	5266	PI3
ENSP00000252951	3050	HBZ
ENSP00000251595	3040	HBA2
ENSP00000218006	2986	GUCY2F
ENSP00000259631	10850	CCL27
ENSP00000199708	3049	HBQ1
ENSP00000254730	60678	EEFSEC
ENSP00000218004	55916	NXT2
ENSP00000222481	1358	CPA2
ENSP00000215743	4320	MMP11
ENSP00000227451	23220	DTX4
ENSP00000254301	3958	LGALS3
ENSP00000205143	10683	DLL3
ENSP00000247191	9787	DLGAP5
ENSP00000257566	6926	TBX3
ENSP00000262077	9972	NUP153
ENSP00000260947	580	BARD1
ENSP00000247178	22863	ATG14
ENSP00000216241	150356	CHADL
ENSP00000229395	26127	FGFR1OP2
ENSP00000248668	57622	LRFN1
ENSP00000247843	8089	YEATS4
ENSP00000255262	56923	NMUR2
ENSP00000212015	23411	SIRT1
ENSP00000259939	255488	RNF144B
ENSP00000245903	970	CD70
ENSP00000216807	84312	BRMS1L
ENSP00000218197	9016	SLC25A14
ENSP00000158762	9744	ACAP1
ENSP00000245908	10045	SH2D3A
ENSP00000249016	2847	MCHR1
ENSP00000235180	58512	DLGAP3
ENSP00000008938	8993	PGLYRP1
ENSP00000230036	2822	GPLD1
ENSP00000255008	6754	SSTR4
ENSP00000219334	55512	SMPD3
ENSP00000206474	54930	HAUS4
ENSP00000261368	9627	SNCAIP
ENSP00000000412	4074	M6PR
ENSP00000247977	54850	FBXL12
ENSP00000246802	29997	NOP53
ENSP00000259470	1515	CTSV
ENSP00000228682	2735	GLI1
ENSP00000262188	6604	SMARCD3
ENSP00000215909	3956	LGALS1
ENSP00000254810	3021	H3-3B
ENSP00000237530	6185	RPN2
ENSP00000259727	2766	GMPR
ENSP00000252945	1571	CYP2E1
ENSP00000226444	6783	SULT1E1
ENSP00000168216	3028	HSD17B10
ENSP00000013125	11183	MAP4K5
ENSP00000249042	7263	TST
ENSP00000252102	4695	NDUFA2
ENSP00000230771	23438	HARS2
ENSP00000259951	3134	HLA-F
ENSP00000174618	4335	MNT
ENSP00000219789	10423	CDIPT
ENSP00000218099	2158	F9
ENSP00000240316	8161	COIL
ENSP00000254801	3512	JCHAIN
ENSP00000257177	23318	TUT4
ENSP00000257408	152831	KLB
ENSP00000249071	5880	RAC2
ENSP00000257904	1019	CDK4
ENSP00000259075	10010	TANK
ENSP00000223208	95681	CEP41
ENSP00000258962	6426	SRSF1
ENSP00000217182	1917	EEF1A2
ENSP00000241256	2693	GHSR
ENSP00000046794	3937	LCP2
ENSP00000222399	3912	LAMB1
ENSP00000247970	5300	PIN1
ENSP00000250615	15	AANAT
ENSP00000225724	9527	GOSR1
ENSP00000261813	5201	PFDN1
ENSP00000216225	9978	RBX1
ENSP00000054950	5954	RCN1
ENSP00000261534	29954	POMT2
ENSP00000228289	10795	ZNF268
ENSP00000222157	26291	FGF21
ENSP00000223271	5919	RARRES2
ENSP00000244496	88745	RRP36
ENSP00000259708	89953	KLC4
ENSP00000215773	1652	DDT
ENSP00000215773	100037417	DDTL
ENSP00000252136	27037	TRMT2A
ENSP00000234827	127428	TCEANC2
ENSP00000007516	4706	NDUFAB1
ENSP00000233156	7035	TFPI
ENSP00000223364	58498	MYL7
ENSP00000253382	55902	ACSS2
ENSP00000222812	6804	STX1A
ENSP00000255681	28992	MACROD1
ENSP00000230419	5754	PTK7
ENSP00000223073	55131	RBM28
ENSP00000216277	10914	PAPOLA
ENSP00000231887	1962	EHHADH
ENSP00000253039	1968	EIF2S3
ENSP00000259324	56262	LRRC8A
ENSP00000234310	5534	PPP3R1
ENSP00000252050	23113	CUL9
ENSP00000216727	8106	PABPN1
ENSP00000247020	6388	SDF2
ENSP00000230361	2979	GUCA1B
ENSP00000221665	84922	FIZ1
ENSP00000159060	50508	NOX3
ENSP00000259895	2968	GTF2H4
ENSP00000223428	22869	ZNF510
ENSP00000056233	9603	NFE2L3
ENSP00000257181	84950	PRPF38A
ENSP00000233078	26528	DAZAP1
ENSP00000223321	5683	PSMA2
ENSP00000223324	64983	MRPL32
ENSP00000241014	9479	MAPK8IP1
ENSP00000243457	3759	KCNJ2
ENSP00000233607	10297	APC2
ENSP00000157812	5704	PSMC4
ENSP00000261740	59341	TRPV4
ENSP00000242480	1959	EGR2
ENSP00000247207	3306	HSPA2
ENSP00000215885	50487	PLA2G3
ENSP00000253108	8666	EIF3G
ENSP00000253099	51073	MRPL4
ENSP00000261172	1833	EPYC
ENSP00000052754	1634	DCN
ENSP00000242248	27434	POLM
ENSP00000229379	1337	COX6A1
ENSP00000242577	8655	DYNLL1
ENSP00000256458	3656	IRAK2
ENSP00000253807	56135	PCDHAC1
ENSP00000219473	9100	USP10
ENSP00000223369	10652	YKT6
ENSP00000196489	55659	ZNF416
ENSP00000248598	10875	FGL2
ENSP00000256682	377	ARF3
ENSP00000229251	50813	COPS7A
ENSP00000055077	5982	RFC2
ENSP00000217961	412	STS
ENSP00000223398	7461	CLIP2
ENSP00000242208	3624	INHBA
ENSP00000243578	80776	B9D2
ENSP00000203629	3902	LAG3
ENSP00000011653	920	CD4
ENSP00000244527	6568	SLC17A1
ENSP00000177694	30009	TBX21
ENSP00000253303	9104	RGN
ENSP00000219091	7755	ZNF205
ENSP00000244573	3024	H1-1
ENSP00000222115	3036	HAS1
ENSP00000229264	2784	GNB3
ENSP00000223023	8976	WASL
ENSP00000225792	1655	DDX5
ENSP00000007969	10233	LRRC23
ENSP00000223061	5118	PCOLCE
ENSP00000223054	64598	MOSPD3
ENSP00000222256	5864	RAB3A
ENSP00000223051	7036	TFR2
ENSP00000252818	3727	JUND
ENSP00000229277	2026	ENO2
ENSP00000160382	51412	ACTL6B
ENSP00000231004	4015	LOX
ENSP00000250003	4654	MYOD1
ENSP00000252723	2056	EPO
ENSP00000224237	7431	VIM
ENSP00000218224	10084	PQBP1
ENSP00000247138	7355	SLC35A2
ENSP00000200457	7205	TRIP6
ENSP00000260526	9411	ARHGAP29
ENSP00000260526	105378858	LOC105378858
ENSP00000217233	57761	TRIB3
ENSP00000259335	23392	ECPAS
ENSP00000245544	79902	NUP85
ENSP00000173898	7216	TRO
ENSP00000217305	5173	PDYN
ENSP00000254976	6616	SNAP25
ENSP00000258739	11014	KDELR2
ENSP00000238738	23433	RHOQ
ENSP00000245960	994	CDC25B
ENSP00000245539	51081	MRPS7
ENSP00000254958	182	JAG1
ENSP00000240488	84057	MND1
ENSP00000225430	6143	RPL19
ENSP00000006275	79090	TRAPPC6A
ENSP00000249373	6608	SMO
ENSP00000234170	10153	CEBPZ
ENSP00000179259	57103	TIGAR
ENSP00000237837	8074	FGF23
ENSP00000261254	894	CCND2
ENSP00000002125	55471	NDUFAF7
ENSP00000257868	10220	GDF11
ENSP00000234179	23683	PRKD3
ENSP00000222644	51678	PALS2
ENSP00000222266	55851	PSENEN
ENSP00000004982	126393	HSPB6
ENSP00000259748	10817	FRS3
ENSP00000224337	29760	BLNK
ENSP00000233331	83444	INO80B
ENSP00000245222	56848	SPHK2
ENSP00000258105	116540	MRPL53
ENSP00000200676	1071	CETP
ENSP00000216037	7494	XBP1
ENSP00000233630	84759	PCGF1
ENSP00000236959	471	ATIC
ENSP00000253754	8572	PDLIM4
ENSP00000222139	2057	EPOR
ENSP00000258200	55336	FBXL8
ENSP00000166534	8974	P4HA2
ENSP00000251412	27175	TUBG2
ENSP00000080059	51564	HDAC7
ENSP00000230323	7942	TFEB
ENSP00000256592	7252	TSHB
ENSP00000254630	55037	PTCD3
ENSP00000216271	83933	HDAC10
ENSP00000259873	28973	MRPS18B
ENSP00000254663	51540	SCLY
ENSP00000254940	51388	NIP7
ENSP00000222553	10135	NAMPT
ENSP00000262225	10959	TMED2
ENSP00000238146	57696	DDX55
ENSP00000216923	55734	ZFP64
ENSP00000254654	80895	ILKAP
ENSP00000246792	6237	RRAS
ENSP00000247461	821	CANX
ENSP00000258341	3915	LAMC1
ENSP00000216341	3002	GZMB
ENSP00000250617	9459	ARHGEF6
ENSP00000216218	6767	ST13
ENSP00000217971	10857	PGRMC1
ENSP00000225992	5539	PPY
ENSP00000007390	115939	TSR3
ENSP00000081029	60488	MRPS35
ENSP00000249389	611	OPN1SW
ENSP00000258711	55501	CHST12
ENSP00000242104	654231	OCM
ENSP00000244426	26268	FBXO9
ENSP00000019103	6344	SCTR
ENSP00000185206	53405	CLIC5
ENSP00000261024	30061	SLC40A1
ENSP00000176195	6343	SCT
ENSP00000176183	1815	DRD4
ENSP00000239938	1958	EGR1
ENSP00000259808	8737	RIPK1
ENSP00000011619	10048	RANBP9
ENSP00000259216	55997	CFC1
ENSP00000259216	653275	CFC1B
ENSP00000254235	113	ADCY7
ENSP00000262056	1975	EIF4B
ENSP00000232564	59345	GNB4
ENSP00000231454	3567	IL5
ENSP00000216286	22795	NID2
ENSP00000247668	7186	TRAF2
ENSP00000258400	3357	HTR2B
ENSP00000221459	64130	LIN7B
ENSP00000211287	5603	MAPK13
ENSP00000245414	3659	IRF1
ENSP00000040877	6894	TARBP1
ENSP00000170168	57455	REXO1
ENSP00000250916	83855	KLF16
ENSP00000256495	8553	BHLHE40
ENSP00000258411	80326	WNT10A
ENSP00000199320	27292	DIMT1
ENSP00000255641	1455	CSNK1G2
ENSP00000218348	8237	USP11
ENSP00000256497	9695	EDEM1
ENSP00000252622	51690	LSM7
ENSP00000215570	26517	TIMM13
ENSP00000224950	79991	STN1
ENSP00000256443	1022	CDK7
ENSP00000218032	51311	TLR8
ENSP00000215565	4713	NDUFB7
ENSP00000251413	7283	TUBG1
ENSP00000216115	638	BIK
ENSP00000161559	634	CEACAM1
ENSP00000236147	6402	SELL
ENSP00000261401	23603	CORO1C
ENSP00000253796	10266	RAMP2
ENSP00000239027	3070	HELLS
ENSP00000253794	84313	VPS25
ENSP00000221515	56729	RETN
ENSP00000243501	81579	PLA2G12A
ENSP00000215794	11274	USP18
ENSP00000261483	4124	MAN2A1
ENSP00000230056	51053	GMNN
ENSP00000248901	27128	CYTH4
ENSP00000016171	1355	COX15
ENSP00000226284	3381	IBSP
ENSP00000248594	5782	PTPN12
ENSP00000259400	55014	STX17
ENSP00000237612	9429	ABCG2
ENSP00000254122	2488	FSHB
ENSP00000252519	59272	ACE2
ENSP00000000442	2101	ESRRA
ENSP00000227266	1075	CTSC
ENSP00000253083	9026	HIP1R
ENSP00000215980	79019	CENPM
ENSP00000256720	23175	LPIN1
ENSP00000056217	7984	ARHGEF5
ENSP00000236671	1509	CTSD
ENSP00000254846	23135	KDM6B
ENSP00000257857	967	CD63
ENSP00000223366	2645	GCK
ENSP00000261461	5525	PPP2R5A
ENSP00000042931	54831	BEST2
ENSP00000259874	8870	IER3
ENSP00000259818	347733	TUBB2B
ENSP00000260570	26160	IFT172
ENSP00000228918	4055	LTBR
ENSP00000222718	3199	HOXA2
ENSP00000222726	3202	HOXA5
ENSP00000242159	3204	HOXA7
ENSP00000244061	55905	RNF114
ENSP00000006015	3207	HOXA11
ENSP00000009180	928	CD9
ENSP00000244050	6615	SNAI1
ENSP00000262030	506	ATP5F1B
ENSP00000262033	10728	PTGES3
ENSP00000009105	57172	CAMK1G
ENSP00000252891	9253	NUMBL
ENSP00000241416	92	ACVR2A
ENSP00000256460	8536	CAMK1
ENSP00000257245	26519	TIMM10
ENSP00000201031	7022	TFAP2C
ENSP00000221561	166	TLE5
ENSP00000257934	9700	ESPL1
ENSP00000016946	84220	RGPD5
ENSP00000016946	727851	RGPD8
ENSP00000209873	8086	AAAS
ENSP00000246551	10870	HCST
ENSP00000261396	55746	NUP133
ENSP00000254325	5989	RFX1
ENSP00000253812	56112	PCDHGA3
ENSP00000257863	269	AMHR2
ENSP00000261769	999	CDH1
ENSP00000252085	26025	PCDHGA12
ENSP00000209875	23468	CBX5
ENSP00000262061	22818	COPZ1
ENSP00000247003	54555	DDX49
ENSP00000252087	56097	PCDHGC5
ENSP00000229238	51258	MRPL51
ENSP00000221930	7040	TGFB1
ENSP00000229239	2597	GAPDH
ENSP00000003100	1595	CYP51A1
ENSP00000215574	997	CDC34
ENSP00000221566	6449	SGTA
ENSP00000232217	5948	RBP2
ENSP00000261475	55012	PPP2R3C
ENSP00000261479	5687	PSMA6
ENSP00000234626	8317	CDC7
ENSP00000244534	3007	H1-3
ENSP00000244537	8361	H4C6
ENSP00000216223	3560	IL2RB
ENSP00000250244	10053	AP1M2
ENSP00000262133	5934	RBL2
ENSP00000257068	4544	MTNR1B
ENSP00000216484	9517	SPTLC2
ENSP00000214869	11018	TMED1
ENSP00000216267	23774	BRD1
ENSP00000005180	10344	CCL26
ENSP00000222902	6369	CCL24
ENSP00000229595	25842	ASF1A
ENSP00000251102	1258	CNGB1
ENSP00000248600	51657	STYXL1
ENSP00000259457	5695	PSMB7
ENSP00000225964	1277	COL1A1
ENSP00000222402	51619	UBE2D4
ENSP00000223459	146542	ZNF688
ENSP00000232888	9136	RRP9
ENSP00000017003	64132	XYLT2
ENSP00000222330	2931	GSK3A
ENSP00000225969	51264	MRPL27
ENSP00000262018	6442	SGCA
ENSP00000255030	1401	CRP
ENSP00000229328	5564	PRKAB1
ENSP00000166345	9319	TRIP13
ENSP00000204679	84572	GNPTG
ENSP00000240055	4801	NFYB
ENSP00000231656	1044	CDX1
ENSP00000257575	84900	RNFT2
ENSP00000241600	51116	MRPS2
ENSP00000251636	54505	DHX29
ENSP00000229195	4848	CNOT2
ENSP00000261377	81691	REXO5
ENSP00000223641	10952	SEC61B
ENSP00000233954	9173	IL1RL1
ENSP00000199706	10573	MRPL28
ENSP00000233893	3336	HSPE1
ENSP00000219479	4833	NME4
ENSP00000259396	5004	ORM1
ENSP00000248342	27335	EIF3K
ENSP00000219481	26063	DECR2
ENSP00000260956	6741	SSB
ENSP00000222382	64816	CYP3A43
ENSP00000229829	3111	HLA-DOA
ENSP00000250448	3169	FOXA1
ENSP00000261879	83464	APH1B
ENSP00000255380	1131	CHRM3
ENSP00000247219	387332	TBPL2
ENSP00000258742	11097	NUP42
ENSP00000255266	5145	PDE6A
ENSP00000222725	3955	LFNG
ENSP00000233084	1653	DDX1
ENSP00000219833	6530	SLC6A2
ENSP00000242462	50674	NEUROG3
ENSP00000194155	56133	PCDHB2
ENSP00000231130	56132	PCDHB3
ENSP00000194152	56131	PCDHB4
ENSP00000231134	26167	PCDHB5
ENSP00000231136	56130	PCDHB6
ENSP00000259008	83990	BRIP1
ENSP00000231137	56129	PCDHB7
ENSP00000239446	56126	PCDHB10
ENSP00000239450	56124	PCDHB12
ENSP00000239449	56122	PCDHB14
ENSP00000260061	2615	LRRC32
ENSP00000231173	56121	PCDHB15
ENSP00000205402	1738	DLD
ENSP00000259371	153090	DAB2IP
ENSP00000217893	6880	TAF9
ENSP00000205557	368	ABCC6
ENSP00000229002	79785	RERGL
ENSP00000222145	54922	RASIP1
ENSP00000251535	239	ALOX12
ENSP00000238994	5507	PPP1R3C
ENSP00000215637	8174	MADCAM1
ENSP00000239223	1843	DUSP1
ENSP00000252711	4705	NDUFA10
ENSP00000260402	5330	PLCB2
ENSP00000226524	5197	PF4V1
ENSP00000256797	10595	ERN2
ENSP00000005340	1856	DVL2
ENSP00000005284	10368	CACNG3
ENSP00000261944	54825	CDHR2
ENSP00000033079	51306	FAM13B
ENSP00000245157	583	BBS2
ENSP00000007699	51087	YBX2
ENSP00000261973	58517	RBM25
ENSP00000009530	972	CD74
ENSP00000259406	5998	RGS3
ENSP00000216797	4792	NFKBIA
ENSP00000249750	8854	ALDH1A2
ENSP00000261908	4756	NEO1
ENSP00000260970	9360	PPIG
ENSP00000258145	2799	GNS
ENSP00000040663	84245	MRI1
ENSP00000219240	1723	DHODH
ENSP00000261693	949	SCARB1
ENSP00000261917	10021	HCN4
ENSP00000261070	10063	COX17
ENSP00000218075	2742	GLRA2
ENSP00000178640	5607	MAP2K5
ENSP00000253496	2161	F12
ENSP00000044462	5685	PSMA4
ENSP00000216367	5427	POLE2
ENSP00000243786	3623	INHA
ENSP00000219302	4832	NME3
ENSP00000262294	4591	TRIM37
ENSP00000221859	5438	POLR2I
ENSP00000254691	84674	CARD6
ENSP00000254351	6382	SDC1
ENSP00000246533	826	CAPNS1
ENSP00000256404	157310	PEBP4
ENSP00000231228	3593	IL12B
ENSP00000261842	23431	AP4E1
ENSP00000256442	891	CCNB1
ENSP00000244869	2069	EREG
ENSP00000257770	4907	NT5E
ENSP00000261921	4016	LOXL1
ENSP00000258042	4829	NMBR
ENSP00000262101	4481	MSR1
ENSP00000254667	5791	PTPRE
ENSP00000262238	7528	YY1
ENSP00000261942	23197	FAF2
ENSP00000228928	4940	OAS3
ENSP00000160373	83992	CTTNBP2
ENSP00000233826	3769	KCNJ13
ENSP00000035307	54480	CHPF2
ENSP00000226382	8929	PHOX2B
ENSP00000261007	1134	CHRNA1
ENSP00000256261	78986	DUSP26
ENSP00000029410	11285	B4GALT7
ENSP00000215555	51257	MARCHF2
ENSP00000005178	5166	PDK4
ENSP00000256343	79820	CATSPERB
ENSP00000250896	2872	MKNK2
ENSP00000228825	10094	ARPC3
ENSP00000221114	10671	DCTN6
ENSP00000209540	126370	OR1I1
ENSP00000167586	3861	KRT14
ENSP00000252486	348	APOE
ENSP00000196061	5351	PLOD1
ENSP00000216554	1983	EIF5
ENSP00000222969	8896	BUD31
ENSP00000258415	1593	CYP27A1
ENSP00000216639	7443	VRK1
ENSP00000222212	59284	CACNG7
ENSP00000258743	3569	IL6
ENSP00000252729	59285	CACNG6
ENSP00000261731	64211	LHX5
ENSP00000222250	27106	ARRDC2
ENSP00000261523	6095	RORA
ENSP00000256257	79845	RNF122
ENSP00000218089	10735	STAG2
ENSP00000256441	92259	KGD4
ENSP00000160827	3835	KIF22
ENSP00000247271	4974	OMG
ENSP00000247271	101927057	LOC101927057
ENSP00000221166	4741	NEFM
ENSP00000226574	4790	NFKB1
ENSP00000216410	64841	GNPNAT1
ENSP00000222308	23770	FKBP8
ENSP00000259037	4711	NDUFB5
ENSP00000259915	5460	POU5F1
ENSP00000220597	55824	PAG1
ENSP00000083182	10513	APPBP2
ENSP00000260408	102	ADAM10
ENSP00000253792	47	ACLY
ENSP00000254584	23647	ARFIP2
ENSP00000039007	5009	OTC
ENSP00000232003	3273	HRG
ENSP00000256452	3568	IL5RA
ENSP00000261439	23216	TBC1D1
ENSP00000216366	11154	AP4S1
ENSP00000206249	2099	ESR1
ENSP00000251642	79132	DHX58
ENSP00000228534	51561	IL23A
ENSP00000225916	2648	KAT2A
ENSP00000240652	3375	IAPP
ENSP00000235329	9927	MFN2
ENSP00000216487	79890	RIN3
ENSP00000003084	1080	CFTR
ENSP00000261413	23107	MRPS27
ENSP00000262209	8989	TRPA1
ENSP00000258034	9038	TAAR5
ENSP00000261890	8766	RAB11A
ENSP00000248076	9002	F2RL3
ENSP00000027335	1015	CDH17
ENSP00000258930	10518	CIB2
ENSP00000253669	93323	HAUS8
ENSP00000251020	6299	SALL1
ENSP00000215375	513	ATP5F1D
ENSP00000211936	7738	ZNF184
ENSP00000257627	4951	OCM2
ENSP00000219313	5713	PSMD7
ENSP00000259605	152006	RNF38
ENSP00000202556	23368	PPP1R13B
ENSP00000262306	6923	ELOB
ENSP00000242285	1211	CLTA
ENSP00000252677	9210	BMP15
ENSP00000261233	11213	IRAK3
ENSP00000247815	92797	HELB
ENSP00000227665	116519	APOA5
ENSP00000227667	345	APOC3
ENSP00000236850	335	APOA1
ENSP00000218249	282808	RAB40AL
ENSP00000221444	3743	KCNA7
ENSP00000262013	9043	SPAG9
ENSP00000229922	10486	CAP2
ENSP00000254878	10247	RIDA
ENSP00000181839	8621	CDK13
ENSP00000246337	7389	UROD
ENSP00000232974	92999	ZBTB47
ENSP00000224784	59	ACTA2
ENSP00000257745	55904	KMT2E
ENSP00000166244	2046	EPHA8
ENSP00000261402	9891	NUAK1
ENSP00000253693	23473	CAPN7
ENSP00000247161	2002	ELK1
ENSP00000218176	3750	KCND1
ENSP00000262103	79645	CLXN
ENSP00000199447	51314	NME8
ENSP00000245457	5732	PTGER2
ENSP00000233057	5610	EIF2AK2
ENSP00000228318	5250	SLC25A3
ENSP00000249299	51691	LSM8
ENSP00000231188	2916	GRM6
ENSP00000258796	80727	TTYH3
ENSP00000243346	9111	NMI
ENSP00000221978	4818	NKG7
ENSP00000256585	83998	REG4
ENSP00000020945	6591	SNAI2
ENSP00000232375	5210	PFKFB4
ENSP00000223190	4899	NRF1
ENSP00000229214	11103	KRR1
ENSP00000242994	58158	NEUROD4
ENSP00000014930	50865	HEBP1
ENSP00000219255	50855	PARD6A
ENSP00000261503	92521	SPECC1
ENSP00000228872	1027	CDKN1B
ENSP00000253727	7376	NR1H2
ENSP00000254661	10267	RAMP1
ENSP00000243706	79441	HAUS3
ENSP00000242465	5552	SRGN
ENSP00000220931	83988	NCALD
ENSP00000228837	2251	FGF6
ENSP00000223642	727	C5
ENSP00000025008	9821	RB1CC1
ENSP00000225655	5216	PFN1
ENSP00000252543	25873	RPL36
ENSP00000170447	23609	MKRN2
ENSP00000257749	60468	BACH2
ENSP00000240285	157506	RDH10
ENSP00000011684	55200	PLEKHG6
ENSP00000228437	11108	PRDM4
ENSP00000243344	79809	TTC21B
ENSP00000232975	7134	TNNC1
ENSP00000225844	6357	CCL13
ENSP00000225842	6346	CCL1
ENSP00000225831	6347	CCL2
ENSP00000256010	4922	NTS
ENSP00000194530	55437	STRADB
ENSP00000244174	3581	IL9R
ENSP00000078445	84699	CREB3L3
ENSP00000249269	9512	PMPCB
ENSP00000257600	1840	DTX1
ENSP00000257915	7024	TFCP2
ENSP00000262213	23471	TRAM1
ENSP00000261623	1535	CYBA
ENSP00000235521	10352	WARS2
ENSP00000261200	10060	ABCC9
ENSP00000249636	8554	PIAS1
ENSP00000254037	84240	ZCCHC9
ENSP00000219150	11151	CORO1A
ENSP00000242591	28981	IFT81
ENSP00000260382	54839	LRRC49
ENSP00000259512	79139	DERL1
ENSP00000222792	1124	CHN2
ENSP00000261170	2984	GUCY2C
ENSP00000261167	51729	WBP11
ENSP00000227868	8050	PDHX
ENSP00000228945	397	ARHGDIB
ENSP00000260662	79172	CENPO
ENSP00000223167	93408	MYL10
ENSP00000222567	221830	POLR1F
ENSP00000260600	109	ADCY3
ENSP00000242592	35	ACADS
ENSP00000231487	6500	SKP1
ENSP00000011292	1357	CPA1
ENSP00000261868	8669	EIF3J
ENSP00000245796	23550	PSD4
ENSP00000261937	2324	FLT4
ENSP00000202773	6128	RPL6
ENSP00000258428	51455	REV1
ENSP00000225567	9570	GOSR2
ENSP00000248114	2671	GFER
ENSP00000220772	6422	SFRP1
ENSP00000253452	1327	COX4I1
ENSP00000219596	4210	MEFV
ENSP00000259607	6366	CCL21
ENSP00000221494	8175	SF3A2
ENSP00000221496	268	AMH
ENSP00000258052	6610	SMPD2
ENSP00000221801	2091	FBL
ENSP00000250160	8840	CCN4
ENSP00000259455	9568	GABBR2
ENSP00000230122	9841	ZBTB24
ENSP00000251809	6674	SPAG1
ENSP00000233957	8809	IL18R1
ENSP00000161863	64848	YTHDC2
ENSP00000219548	10273	STUB1
ENSP00000001146	56603	CYP26B1
ENSP00000220062	51285	RASL12
ENSP00000234296	4999	ORC2
ENSP00000237889	4709	NDUFB3
ENSP00000260363	9493	KIF23
ENSP00000260605	51626	DYNC2LI1
ENSP00000000233	381	ARF5
ENSP00000232607	7372	UMPS
ENSP00000230895	1611	DAP
ENSP00000244520	6631	SNRPC
ENSP00000261839	55930	MYO5C
ENSP00000252071	653857	ACTR3C
ENSP00000262177	10049	DNAJB6
ENSP00000254190	22856	CHSY1
ENSP00000230990	1839	HBEGF
ENSP00000231061	6678	SPARC
ENSP00000199936	3294	HSD17B2
ENSP00000258169	10200	MPHOSPH6
ENSP00000233627	374291	NDUFS7
ENSP00000226247	8456	FOXN1
ENSP00000229769	2178	FANCE
ENSP00000230085	8724	SNX3
ENSP00000193322	28962	OSTM1
ENSP00000260443	51187	RSL24D1
ENSP00000244227	11017	SNRNP27
ENSP00000053243	608	TNFRSF17
ENSP00000219271	4324	MMP15
ENSP00000260361	51103	NDUFAF1
ENSP00000168977	27231	NMRK2
ENSP00000225275	4353	MPO
ENSP00000225504	6827	SUPT4H1
ENSP00000220166	1512	CTSH
ENSP00000241436	51426	POLK
ENSP00000222982	1577	CYP3A5
ENSP00000262319	9894	TELO2
ENSP00000228307	5829	PXN
ENSP00000243349	130399	ACVR1C
ENSP00000261837	10681	GNB5
ENSP00000237858	2745	GLRX
ENSP00000215530	27006	FGF22
ENSP00000220429	2553	GABPB1
ENSP00000166139	10272	FSTL3
ENSP00000249504	3237	HOXD11
ENSP00000249440	3232	HOXD3
ENSP00000242728	79365	BHLHE41
ENSP00000222120	9545	RAB3D
ENSP00000221847	10148	EBI3
ENSP00000252599	79709	COLGALT1
ENSP00000248437	7277	TUBA4A
ENSP00000228434	969	CD69
ENSP00000239347	3444	IFNA7
ENSP00000253024	10155	TRIM28
ENSP00000257497	301	ANXA1
ENSP00000253023	9040	UBE2M
ENSP00000246529	79414	LRFN3
ENSP00000258969	1101	CHAD
ENSP00000249363	64101	LRRC4
ENSP00000240139	5533	PPP3CC
ENSP00000259750	84630	TTBK1
ENSP00000012134	3097	HIVEP2
ENSP00000223210	643641	ZNF862
ENSP00000219169	10204	NUTF2
ENSP00000221233	56915	EXOSC5
ENSP00000244458	29993	PACSIN1
ENSP00000187397	10777	ARPP21
ENSP00000256644	10542	LAMTOR5
ENSP00000252809	9518	GDF15
ENSP00000259486	5168	ENPP2
ENSP00000260302	4322	MMP13
ENSP00000199389	27102	EIF2AK1
ENSP00000262215	10565	ARFGEF1
ENSP00000228843	10635	RAD51AP1
ENSP00000262187	6009	RHEB
ENSP00000249700	29767	TMOD2
ENSP00000010132	8798	DYRK4
ENSP00000228850	10566	AKAP3
ENSP00000261514	1182	CLCN3
ENSP00000155926	28951	TRIB2
ENSP00000262053	466	ATF1
ENSP00000229335	57379	AICDA
ENSP00000162391	55810	FOXJ2
ENSP00000247992	391013	PLA2G2C
ENSP00000229332	50856	CLEC4A
ENSP00000234071	5624	PROC
ENSP00000222800	83451	ABHD11
ENSP00000246553	2864	FFAR1
ENSP00000245907	718	C3
ENSP00000262305	9727	RAB11FIP3
ENSP00000257951	3890	KRT84
ENSP00000257974	3888	KRT82
ENSP00000252245	9119	KRT75
ENSP00000252252	3854	KRT6B
ENSP00000252250	286887	KRT6C
ENSP00000252242	3852	KRT5
ENSP00000261427	3093	UBE2K
ENSP00000234091	3398	ID2
ENSP00000218758	54	ACP5
ENSP00000256707	57498	KIDINS220
ENSP00000243389	206358	SLC36A1
ENSP00000261435	55728	N4BP2
ENSP00000234347	5657	PRTN3
ENSP00000228510	4598	MVK
ENSP00000231572	5917	RARS1
ENSP00000240687	50837	TAS2R7
ENSP00000240615	50836	TAS2R8
ENSP00000240691	50835	TAS2R9
ENSP00000220913	54108	CHRAC1
ENSP00000221856	79187	FSD1
ENSP00000220849	3646	EIF3E
ENSP00000234371	84634	KISS1R
ENSP00000243673	10888	GPR83
ENSP00000203556	51291	GMIP
ENSP00000247986	57576	KIF17
ENSP00000222543	7980	TFPI2
ENSP00000162749	7132	TNFRSF1A
ENSP00000219782	4150	MAZ
ENSP00000248564	2791	GNG11
ENSP00000222547	10282	BET1
ENSP00000242152	4852	NPY
ENSP00000219069	10127	ZNF263
ENSP00000257287	9662	CEP135
ENSP00000248553	3315	HSPB1
ENSP00000232744	80325	ABTB1
ENSP00000258774	3364	HUS1
ENSP00000257254	187	APLNR
ENSP00000222247	6142	RPL18A
ENSP00000261015	55759	WDR12
ENSP00000223136	51024	FIS1
ENSP00000262210	79848	CSPP1
ENSP00000227618	25906	ANAPC15
ENSP00000198767	54700	RRN3
ENSP00000220809	5327	PLAT
ENSP00000260810	11073	TOPBP1
ENSP00000243108	3223	HOXC6
ENSP00000040584	3224	HOXC8
ENSP00000249284	50833	TAS2R16
ENSP00000001008	2288	FKBP4
ENSP00000012443	5536	PPP5C
ENSP00000220003	1445	CSK
ENSP00000256897	902	CCNH
ENSP00000248244	148022	TICAM1
ENSP00000221957	10226	PLIN3
ENSP00000260323	440279	UNC13C
ENSP00000220812	27121	DKK4
ENSP00000011898	10867	TSPAN9
ENSP00000258418	51719	CAB39
ENSP00000232978	4820	NKTR
ENSP00000221283	6813	STXBP2
ENSP00000230053	135152	B3GAT2
ENSP00000239444	56128	PCDHB8
ENSP00000240619	50839	TAS2R10
ENSP00000221130	2936	GSR
ENSP00000231368	4012	LNPEP
ENSP00000261881	54962	TIPIN
ENSP00000222305	7392	USF2
ENSP00000219097	23594	ORC6
ENSP00000221138	5516	PPP2CB
ENSP00000209668	124	ADH1A
ENSP00000222304	57817	HAMP
ENSP00000245787	51141	INSIG2
ENSP00000221992	1048	CEACAM5
ENSP00000199764	4680	CEACAM6
ENSP00000251337	2780	GNAT2
ENSP00000007264	113000	RPUSD1
ENSP00000262315	63922	CHTF18
ENSP00000248150	51764	GNG13
ENSP00000221972	973	CD79A
ENSP00000222219	1777	DNASE2
ENSP00000256190	81846	SBF2
ENSP00000221996	1406	CRX
ENSP00000229135	3458	IFNG
ENSP00000226355	173	AFM
ENSP00000261464	7188	TRAF5
ENSP00000225698	708	C1QBP
ENSP00000225296	56919	DHX33
ENSP00000158771	51009	DERL2
ENSP00000260187	9099	USP2
ENSP00000161006	64063	PRSS22
ENSP00000227507	595	CCND1
ENSP00000251241	79665	DHX40
ENSP00000226004	1845	DUSP3
ENSP00000242872	64105	CENPK
ENSP00000168712	2249	FGF4
ENSP00000188790	2191	FAP
ENSP00000240093	7976	FZD3
ENSP00000261308	23398	PPWD1
ENSP00000254193	6627	SNRPA1
ENSP00000231524	373	TRIM23
ENSP00000194118	9812	DELE1
ENSP00000231484	51294	PCDH12
ENSP00000261205	6857	SYT1
ENSP00000261845	5597	MAPK6
ENSP00000222002	6822	SULT2A1
ENSP00000243563	6626	SNRPA
ENSP00000231498	9631	NUP155
ENSP00000261177	441631	TSPAN11
ENSP00000242719	26994	RNF11
ENSP00000257860	5630	PRPH
ENSP00000260010	7097	TLR2
ENSP00000226413	2798	GNRHR
ENSP00000165524	51052	PRLH
ENSP00000233121	22924	MAPRE3
ENSP00000202967	23409	SIRT4
ENSP00000257552	4440	MSI1
ENSP00000229390	8683	SRSF9
ENSP00000229030	11211	FZD10
ENSP00000244728	81578	COL21A1
ENSP00000196371	5019	OXCT1
ENSP00000257290	5156	PDGFRA
ENSP00000256953	85004	RERG
ENSP00000260563	8634	RTCA
ENSP00000215071	5714	PSMD8
ENSP00000233535	7781	SLC30A3
ENSP00000233545	4358	MPV17
ENSP00000220507	171177	RHOV
ENSP00000220509	57617	VPS18
ENSP00000249749	54567	DLL4
ENSP00000253109	83854	ANGPTL6
ENSP00000221452	5971	RELB
ENSP00000258424	1329	COX5B
ENSP00000221543	79735	TBC1D17
ENSP00000261584	79728	PALB2
ENSP00000237289	7128	TNFAIP3
ENSP00000221086	66036	MTMR9
ENSP00000254950	27183	VPS4A
ENSP00000219476	7249	TSC2
ENSP00000253055	4294	MAP3K10
ENSP00000239151	3215	HOXB5
ENSP00000261647	54902	TTC19
ENSP00000237654	10983	CCNI
ENSP00000184183	54763	ROPN1
ENSP00000221232	4849	CNOT3
ENSP00000253861	60412	EXOC4
ENSP00000261716	57551	TAOK1
ENSP00000239243	4488	MSX2
ENSP00000240123	10174	SORBS3
ENSP00000255194	8546	AP3B1
ENSP00000254508	23225	NUP210
ENSP00000257555	6927	HNF1A
ENSP00000199814	55696	RBM22
ENSP00000250971	3630	INS
ENSP00000215368	1943	EFNA2
ENSP00000256078	3845	KRAS
ENSP00000221315	9668	ZNF432
ENSP00000254108	2521	FUS
ENSP00000261891	23604	DAPK2
ENSP00000260404	56924	PAK6
ENSP00000260404	106821730	BUB1B-PAK6
ENSP00000221132	8797	TNFRSF10A
ENSP00000199280	359	AQP2
ENSP00000196551	6193	RPS5
ENSP00000236273	25949	SYF2
ENSP00000196482	25799	ZNF324
ENSP00000219746	27324	TOX3
ENSP00000200453	23645	PPP1R15A
ENSP00000258416	9470	EIF4E2
ENSP00000185150	27248	ERLEC1
ENSP00000261386	51573	GDE1
ENSP00000222271	1311	COMP
ENSP00000225512	7473	WNT3
ENSP00000225512	101929777	LOC101929777
ENSP00000249647	8773	SNAP23
ENSP00000261733	217	ALDH2
ENSP00000260372	55142	HAUS2
ENSP00000227752	3587	IL10RA
ENSP00000251810	50484	RRM2B
ENSP00000252699	81	ACTN4
ENSP00000243776	79586	CHPF
ENSP00000008527	1407	CRY1
ENSP00000070846	5318	PKP2
ENSP00000228841	4633	MYL2
ENSP00000245932	7408	VASP
ENSP00000234396	525	ATP6V1B1
ENSP00000256079	10526	IPO8
ENSP00000200135	9183	ZW10
ENSP00000170564	55094	GPATCH1
ENSP00000003302	57646	USP28
ENSP00000205948	350	APOH
ENSP00000226067	3131	HLF
ENSP00000261858	26035	GLCE
ENSP00000200181	3691	ITGB4
ENSP00000229330	29915	HCFC2
ENSP00000249842	3671	ISLR
ENSP00000222286	26330	GAPDHS
ENSP00000261918	8482	SEMA7A
ENSP00000221327	7733	ZNF180
ENSP00000172229	4804	NGFR
ENSP00000164227	602	BCL3
ENSP00000007722	3675	ITGA3
ENSP00000075120	6515	SLC2A3
ENSP00000233809	3485	IGFBP2
ENSP00000184956	63897	HEATR6
ENSP00000233813	3488	IGFBP5
ENSP00000221980	7087	ICAM5
ENSP00000243052	5153	PDE1B
ENSP00000053867	2896	GRN
ENSP00000257905	5502	PPP1R1A
ENSP00000259021	11143	KAT7
ENSP00000037502	4653	MYOC
ENSP00000229319	3945	LDHB
ENSP00000256104	2167	FABP4
ENSP00000254695	23108	RAP1GAP2
ENSP00000258080	27429	HTRA2
ENSP00000233668	1796	DOK1
ENSP00000228347	55703	POLR3B
ENSP00000249396	22933	SIRT2
ENSP00000220669	79752	ZFAND1
ENSP00000251607	51095	TRNT1
ENSP00000259206	3557	IL1RN
ENSP00000261023	3685	ITGAV
ENSP00000230340	705	BYSL
ENSP00000261313	5037	PEBP1
ENSP00000221419	3191	HNRNPL
ENSP00000261712	5717	PSMD11
ENSP00000230354	6908	TBP
ENSP00000007414	114881	OSBPL7
ENSP00000183605	51208	CLDN18
ENSP00000256996	1643	DDB2
ENSP00000244565	222643	UNC5CL
ENSP00000005386	79657	RPAP3
ENSP00000234160	26003	GORASP2
ENSP00000157600	29995	LMCD1
ENSP00000220592	27161	AGO2
ENSP00000156471	9716	AQR
ENSP00000180166	26281	FGF20
ENSP00000261900	904	CCNT1
ENSP00000260356	7057	THBS1
ENSP00000260950	2660	MSTN
ENSP00000229794	1432	MAPK14
ENSP00000240618	22914	KLRK1
ENSP00000240618	100528032	KLRC4-KLRK1
ENSP00000053468	55173	MRPS10
ENSP00000257570	8638	OASL
ENSP00000228606	1594	CYP27B1
ENSP00000243253	29927	SEC61A1
ENSP00000251849	5894	RAF1
ENSP00000075503	55359	STYK1
ENSP00000228251	8531	YBX3
ENSP00000225728	51003	MED31
ENSP00000228463	6404	SELPLG
ENSP00000262105	4173	MCM4
ENSP00000251303	548593	SLX1A
ENSP00000251303	130134321	LOC130134321
ENSP00000188312	64431	ACTR6
ENSP00000220751	8767	RIPK2
ENSP00000219919	366	AQP9
ENSP00000204604	8646	CHRD
ENSP00000220764	1666	DECR1
ENSP00000252602	64981	MRPL34
ENSP00000256652	9398	CD101
ENSP00000257829	55226	NAT10
ENSP00000252595	376497	SLC27A1
ENSP00000258390	55619	DOCK10
ENSP00000245919	2354	FOSB
ENSP00000013807	2067	ERCC1
ENSP00000258301	10228	STX6
ENSP00000244230	10199	MPHOSPH10
ENSP00000225983	10014	HDAC5
ENSP00000253686	64432	MRPS25
ENSP00000261721	53339	BTBD1
ENSP00000233025	28972	SPCS1
ENSP00000256398	55140	ELP3
ENSP00000233468	51639	SF3B6
ENSP00000238721	9540	TP53I3
ENSP00000175238	8756	ADAM7
ENSP00000237455	7844	RNF103
ENSP00000262291	81671	VMP1
ENSP00000240328	6909	TBX2
ENSP00000238112	51692	CPSF3
ENSP00000240335	9496	TBX4
ENSP00000238081	10971	YWHAQ
ENSP00000236192	8674	VAMP4
ENSP00000262138	27092	CACNG4
ENSP00000226021	786	CACNG1
ENSP00000234816	9068	ANGPTL1
ENSP00000233055	57590	WDFY1
ENSP00000258383	65080	MRPL44
ENSP00000222214	2639	GCDH
ENSP00000234111	4953	ODC1
ENSP00000078527	55650	PIGV
ENSP00000252674	4298	MLLT1
ENSP00000248071	10365	KLF2
ENSP00000248070	58513	EPS15L1
ENSP00000254227	8431	NR0B2
ENSP00000254231	79727	LIN28A
ENSP00000260926	23314	SATB2
ENSP00000245934	8189	SYMPK
ENSP00000225603	10951	CBX1
ENSP00000254079	84152	PPP1R1B
ENSP00000222329	2077	ERF
ENSP00000256194	9645	MICAL2
ENSP00000262265	55011	PIH1D1
ENSP00000245816	8192	CLPP
ENSP00000225474	1440	CSF3
ENSP00000261819	51433	ANAPC5
ENSP00000240587	57616	TSHZ3
ENSP00000246549	2867	FFAR2
ENSP00000256646	4853	NOTCH2
ENSP00000242776	10212	DDX39A
ENSP00000254322	3337	DNAJB1
ENSP00000171887	7145	TNS1
ENSP00000259119	6498	SKIL
ENSP00000180173	9108	MTMR7
ENSP00000064724	5010	CLDN11
ENSP00000215057	7593	MZF1
ENSP00000251630	5157	PDGFRL
ENSP00000244289	3991	LIPE
ENSP00000234961	4985	OPRD1
ENSP00000257789	23595	ORC3
ENSP00000241502	84248	FYTTD1
ENSP00000229812	11329	STK38
ENSP00000215631	4616	GADD45B
ENSP00000244741	1026	CDKN1A
ENSP00000254436	6737	TRIM21
ENSP00000240100	1846	DUSP4
ENSP00000227758	329	BIRC2
ENSP00000260227	4316	MMP7
ENSP00000260228	9313	MMP20
ENSP00000221700	8529	CYP4F2
ENSP00000159111	23030	KDM4B
ENSP00000233948	7475	WNT6
ENSP00000227163	6688	SPI1
ENSP00000155840	3784	KCNQ1
ENSP00000225577	6198	RPS6KB1
ENSP00000254657	8864	PER2
ENSP00000260129	96764	TGS1
ENSP00000259089	640	BLK
ENSP00000254521	51478	HSD17B7
ENSP00000260197	6653	SORL1
ENSP00000184266	4710	NDUFB4
ENSP00000246672	9572	NR1D1
ENSP00000232014	604	BCL6
ENSP00000209728	990	CDC6
ENSP00000254066	5914	RARA
ENSP00000254051	84951	TNS4
ENSP00000246657	1236	CCR7
ENSP00000260653	6496	SIX3
ENSP00000234040	23178	PASK
ENSP00000234038	5510	PPP1R7
ENSP00000220659	55290	BRF2
ENSP00000253925	8500	PPFIA1
ENSP00000227378	3312	HSPA8
ENSP00000158166	84254	CAMKK1
ENSP00000231790	4292	MLH1
ENSP00000225538	5023	P2RX1
ENSP00000227524	27339	PRPF19
ENSP00000234420	2956	MSH6
ENSP00000246841	23769	FLRT1
ENSP00000260102	29088	MRPL15
ENSP00000241651	4656	MYOG
ENSP00000255409	1116	CHI3L1
ENSP00000222254	5296	PIK3R2
ENSP00000203407	7384	UQCRC1
ENSP00000002829	6405	SEMA3F
ENSP00000250863	1618	DAZL
ENSP00000249923	1315	COPB1
ENSP00000258091	10574	CCT7
ENSP00000235372	7799	PRDM2
ENSP00000227155	3732	CD82
ENSP00000233146	4436	MSH2
ENSP00000220584	2222	FDFT1
ENSP00000233202	6556	SLC11A1
ENSP00000232501	10641	NPRL2
ENSP00000023064	11136	SLC7A9
ENSP00000235090	79084	WDR77
ENSP00000234198	1746	DLX2
ENSP00000239940	5217	PFN2
ENSP00000239944	27230	SERP1
ENSP00000258302	85397	RGS8
ENSP00000232424	3280	HES1
ENSP00000256637	6272	SORT1
ENSP00000256474	7428	VHL
ENSP00000254101	5565	PRKAB2
ENSP00000259050	64844	MARCHF7
ENSP00000258456	11250	GPR45
ENSP00000262345	3595	IL12RB2
ENSP00000251547	93611	FBXO44
ENSP00000235382	5997	RGS2
ENSP00000235933	11126	CD160
ENSP00000054666	9341	VAMP3
ENSP00000258281	27097	TAF5L
ENSP00000261037	1295	COL8A1
ENSP00000258484	26122	EPC2
ENSP00000240185	23435	TARDBP
ENSP00000256594	2947	GSTM3
ENSP00000168148	6694	SPP2
ENSP00000239462	63923	TNN
ENSP00000243440	55509	BATF3
ENSP00000253063	83667	SESN2
ENSP00000194214	51668	IFT25
ENSP00000256658	10717	AP4B1
ENSP00000235310	10459	MAD2L2
ENSP00000209884	27252	KLHL20
ENSP00000261448	845	CASQ2
